Date,Close/Last,Volume,Open,High,Low
2025-04-24,$106.43,220815000,$103.475,$106.54,$103.11
2025-04-23,$102.71,247526000,$104.52,$104.80,$102.02
2025-04-22,$98.89,241004800,$98.78,$99.811,$97.28
2025-04-21,$96.91,288501100,$98.77,$99.44,$95.04
2025-04-17,$101.49,292517500,$104.45,$104.47,$100.05
2025-04-16,$104.49,397016900,$104.55,$106.79,$100.45
2025-04-15,$112.20,228966900,$110.97,$113.615,$110.50
2025-04-14,$110.71,264705000,$114.11,$114.29,$109.07
2025-04-11,$110.93,313417300,$108.50,$111.5499,$107.48
2025-04-10,$107.57,437812400,$109.37,$110.86,$99.15
2025-04-09,$114.33,612918300,$98.89,$115.10,$97.5301
2025-04-08,$96.30,476243400,$103.805,$105.85,$94.46
2025-04-07,$97.64,611041300,$87.46,$101.75,$86.62
2025-04-04,$94.31,532273800,$98.91,$100.13,$92.11
2025-04-03,$101.80,338769400,$103.51,$105.63,$101.60
2025-04-02,$110.42,220601200,$107.29,$111.98,$106.79
2025-04-01,$110.15,222614000,$108.515,$110.20,$106.47
2025-03-31,$108.38,299212700,$105.13,$110.955,$103.65
2025-03-28,$109.67,229872500,$111.485,$112.87,$109.0701
2025-03-27,$111.43,236902100,$111.35,$114.45,$110.66
2025-03-26,$113.76,296431700,$118.73,$118.84,$112.71
2025-03-25,$120.69,167447200,$120.545,$121.29,$118.92
2025-03-24,$121.41,228452500,$119.88,$122.22,$119.34
2025-03-21,$117.70,266498500,$116.94,$117.99,$115.42
2025-03-20,$118.53,248829700,$116.55,$120.20,$116.47
2025-03-19,$117.52,273426200,$117.27,$120.445,$115.68
2025-03-18,$115.43,299686900,$118.00,$119.02,$114.54
2025-03-17,$119.53,255501500,$122.74,$122.89,$118.03
2025-03-14,$121.67,277593500,$118.61,$121.88,$118.15
2025-03-13,$115.58,299033100,$117.03,$117.76,$113.79
2025-03-12,$115.74,323857500,$114.12,$116.76,$112.88
2025-03-11,$108.76,354865700,$106.99,$112.236,$104.77
2025-03-10,$106.98,366487400,$109.90,$111.85,$105.46
2025-03-07,$112.69,341755500,$111.25,$113.48,$107.56
2025-03-06,$110.57,321181900,$113.53,$115.35,$110.22
2025-03-05,$117.30,284337900,$117.58,$118.2781,$114.51
2025-03-04,$115.99,398163300,$110.645,$119.31,$110.11
2025-03-03,$114.06,411381400,$123.51,$123.70,$112.28
2025-02-28,$124.92,389091100,$118.02,$125.09,$116.40
2025-02-27,$120.15,443175800,$135.00,$135.01,$120.01
2025-02-26,$131.28,322553800,$129.985,$133.73,$128.49
2025-02-25,$126.63,271428700,$129.98,$130.20,$124.44
2025-02-24,$130.28,251381100,$136.56,$138.59,$130.08
2025-02-21,$134.43,228217600,$140.04,$141.46,$134.03
2025-02-20,$140.11,143903600,$140.03,$140.66,$136.7901
2025-02-19,$139.23,167536000,$139.51,$141.36,$137.22
2025-02-18,$139.40,219176600,$141.27,$143.44,$137.925
2025-02-14,$138.85,195479600,$136.48,$139.25,$135.50
2025-02-13,$135.29,197430000,$131.555,$136.50,$131.17
2025-02-12,$131.14,160278600,$130.02,$132.24,$129.08
2025-02-11,$132.80,178902400,$132.58,$134.48,$131.02
2025-02-10,$133.57,216989100,$130.09,$135.00,$129.96
2025-02-07,$129.84,228186300,$129.22,$130.37,$125.00
2025-02-06,$128.68,251483600,$127.42,$128.77,$125.21
2025-02-05,$124.83,263110600,$121.76,$125.00,$120.76
2025-02-04,$118.65,256550000,$116.96,$121.20,$116.70
2025-02-03,$116.66,371235700,$114.75,$118.57,$113.01
2025-01-31,$120.07,390372900,$123.78,$127.85,$119.19
2025-01-30,$124.65,392925500,$123.10,$125.00,$118.10
2025-01-29,$123.70,467120600,$126.50,$126.89,$120.05
2025-01-28,$128.99,579666400,$121.81,$129.00,$116.25
2025-01-27,$118.42,818830900,$124.80,$128.40,$116.70
2025-01-24,$142.62,234657600,$148.37,$148.97,$141.88
2025-01-23,$147.22,155915500,$145.05,$147.23,$143.72
2025-01-22,$147.07,237651400,$144.66,$147.79,$143.67
2025-01-21,$140.83,197749000,$139.16,$141.83,$137.09
2025-01-17,$137.71,201188800,$136.69,$138.50,$135.4649
2025-01-16,$133.57,209235600,$138.64,$138.75,$133.49
2025-01-15,$136.24,185217300,$133.65,$136.45,$131.29
2025-01-14,$131.76,195590500,$136.05,$136.38,$130.05
2025-01-13,$133.23,204808900,$129.99,$133.49,$129.51
2025-01-10,$135.91,207602500,$137.45,$139.92,$134.22
2025-01-08,$140.11,227349900,$142.58,$143.95,$137.56
2025-01-07,$140.14,351782200,$153.03,$153.13,$140.01
2025-01-06,$149.43,265377400,$148.59,$152.156,$147.8201
2025-01-03,$144.47,229322500,$140.01,$144.90,$139.73
2025-01-02,$138.31,198247200,$136.00,$138.88,$134.63
2024-12-31,$134.29,155659200,$138.03,$138.07,$133.83
2024-12-30,$137.49,167734700,$134.83,$140.27,$134.02
2024-12-27,$137.01,170582600,$138.55,$139.02,$134.71
2024-12-26,$139.93,116519100,$139.70,$140.85,$137.73
2024-12-24,$140.22,105157000,$140.00,$141.90,$138.65
2024-12-23,$139.67,176053500,$136.28,$139.79,$135.1201
2024-12-20,$134.70,306528600,$129.81,$135.28,$128.22
2024-12-19,$130.68,209719200,$131.76,$134.03,$129.55
2024-12-18,$128.91,277444500,$133.86,$136.70,$128.28
2024-12-17,$130.39,259410300,$129.09,$131.59,$126.86
2024-12-16,$132.00,237951100,$134.18,$134.40,$130.42
2024-12-13,$134.25,231514900,$138.94,$139.60,$132.54
2024-12-12,$137.34,159211400,$137.08,$138.44,$135.80
2024-12-11,$139.31,184905200,$137.36,$140.17,$135.21
2024-12-10,$135.07,210020900,$139.01,$141.82,$133.79
2024-12-09,$138.81,189308600,$138.97,$139.95,$137.13
2024-12-06,$142.44,188505600,$144.60,$145.70,$141.31
2024-12-05,$145.06,172621200,$145.11,$146.54,$143.95
2024-12-04,$145.14,231224300,$141.995,$145.79,$140.29
2024-12-03,$140.26,164414000,$138.26,$140.54,$137.95
2024-12-02,$138.63,171682800,$138.83,$140.45,$137.825
2024-11-29,$138.25,141863200,$136.78,$139.35,$136.05
2024-11-27,$135.34,226370900,$135.01,$137.22,$131.80
2024-11-26,$136.92,190287700,$137.70,$139.30,$135.67
2024-11-25,$136.02,344941900,$141.99,$142.05,$135.82
2024-11-22,$141.95,236406200,$145.93,$147.16,$141.10
2024-11-21,$146.67,400946600,$149.35,$152.89,$140.70
2024-11-20,$145.89,309871700,$147.41,$147.56,$142.73
2024-11-19,$147.01,227834900,$141.32,$147.13,$140.99
2024-11-18,$140.15,221866000,$139.50,$141.55,$137.15
2024-11-15,$141.98,250132900,$144.87,$145.24,$140.08
2024-11-14,$146.76,194463300,$147.64,$149.00,$145.55
2024-11-13,$146.27,191903300,$149.07,$149.33,$145.90
2024-11-12,$148.29,198634700,$146.78,$149.65,$146.01
2024-11-11,$145.26,182325600,$148.68,$148.85,$143.57
2024-11-08,$147.63,175665800,$148.77,$149.77,$146.26
2024-11-07,$148.88,207323300,$146.39,$148.93,$146.17
2024-11-06,$145.61,242043900,$142.96,$146.49,$141.96
2024-11-05,$139.91,160537400,$137.45,$140.3701,$137.33
2024-11-04,$136.05,187528200,$137.21,$138.96,$135.57
2024-11-01,$135.40,207127800,$134.70,$137.31,$134.57
2024-10-31,$132.76,270039600,$137.60,$137.61,$132.1106
2024-10-30,$139.335,179418100,$139.54,$140.33,$136.81
2024-10-29,$141.25,157593600,$140.285,$142.2598,$138.90
2024-10-28,$140.52,173586700,$143.00,$143.14,$140.05
2024-10-25,$141.54,205122100,$140.93,$144.13,$140.80
2024-10-24,$140.41,172354900,$140.82,$141.35,$138.46
2024-10-23,$139.56,285930000,$142.03,$142.43,$137.46
2024-10-22,$143.59,226311600,$142.91,$144.42,$141.78
2024-10-21,$143.71,264554500,$138.13,$143.71,$138.00
2024-10-18,$138.00,176090200,$138.665,$138.90,$137.28
2024-10-17,$136.93,306435900,$139.34,$140.89,$136.87
2024-10-16,$135.72,264879700,$133.98,$136.62,$131.58
2024-10-15,$131.60,377831000,$137.87,$138.57,$128.74
2024-10-14,$138.07,232347700,$136.47,$139.60,$136.30
2024-10-11,$134.80,170209500,$134.01,$135.78,$133.66
2024-10-10,$134.81,242311300,$131.91,$135.00,$131.00
2024-10-09,$132.65,246191600,$134.11,$134.52,$131.38
2024-10-08,$132.89,285722500,$130.26,$133.48,$129.42
2024-10-07,$127.72,346250200,$124.99,$130.64,$124.95
2024-10-04,$124.92,244465600,$124.94,$125.04,$121.83
2024-10-03,$122.85,277118000,$120.92,$124.36,$120.3401
2024-10-02,$118.85,221845900,$116.44,$119.38,$115.14
2024-10-01,$117.00,302094500,$121.765,$122.4351,$115.79
2024-09-30,$121.44,227053700,$118.31,$121.50,$118.15
2024-09-27,$121.40,271009200,$123.97,$124.03,$119.26
2024-09-26,$124.04,302582900,$126.80,$127.665,$121.80
2024-09-25,$123.51,284692900,$122.02,$124.94,$121.61
2024-09-24,$120.87,354966800,$116.515,$121.80,$115.38
2024-09-23,$116.26,206228500,$116.55,$116.99,$114.86
2024-09-20,$116.00,382462400,$117.06,$118.6181,$115.3901
2024-09-19,$117.87,293506400,$117.35,$119.66,$117.25
2024-09-18,$113.37,310318900,$115.89,$117.70,$113.22
2024-09-17,$115.59,231925900,$118.17,$118.80,$114.83
2024-09-16,$116.78,248772300,$116.79,$118.18,$114.36
2024-09-13,$119.10,238358300,$119.08,$119.955,$117.60
2024-09-12,$119.14,367100500,$116.84,$120.79,$115.38
2024-09-11,$116.91,441422400,$109.39,$117.19,$107.42
2024-09-10,$108.10,268283700,$107.81,$109.40,$104.95
2024-09-09,$106.47,273912000,$104.88,$106.55,$103.69
2024-09-06,$102.83,413638100,$108.04,$108.15,$100.95
2024-09-05,$107.21,306850700,$104.985,$109.65,$104.76
2024-09-04,$106.21,372470300,$105.41,$113.27,$104.12
2024-09-03,$108.00,477155100,$116.01,$116.21,$107.29
2024-08-30,$119.37,333751600,$119.53,$121.75,$117.22
2024-08-29,$117.59,453023300,$121.355,$124.43,$116.71
2024-08-28,$125.61,448101100,$128.12,$128.33,$122.64
2024-08-27,$128.30,303134600,$125.05,$129.20,$123.88
2024-08-26,$126.46,331964700,$129.57,$131.26,$124.37
2024-08-23,$129.37,323230300,$125.86,$129.60,$125.22
2024-08-22,$123.74,376189100,$130.02,$130.75,$123.10
2024-08-21,$128.50,257883600,$127.315,$129.35,$126.66
2024-08-20,$127.25,300087400,$128.40,$129.88,$125.89
2024-08-19,$130.00,318333600,$124.28,$130.00,$123.42
2024-08-16,$124.58,302589900,$121.94,$125.00,$121.18
2024-08-15,$122.86,318086700,$118.76,$123.24,$117.47
2024-08-14,$118.08,339246400,$118.53,$118.60,$114.07
2024-08-13,$116.14,312646700,$112.44,$116.23,$111.58
2024-08-12,$109.02,325559900,$106.32,$111.07,$106.26
2024-08-09,$104.75,290844200,$105.64,$106.60,$103.43
2024-08-08,$104.97,391910000,$102.00,$105.50,$97.52
2024-08-07,$98.91,411440400,$107.81,$108.80,$98.69
2024-08-06,$104.25,409012100,$103.84,$107.71,$100.55
2024-08-05,$100.45,552842400,$92.06,$103.41,$90.69
2024-08-02,$107.27,482027500,$103.76,$108.72,$101.37
2024-08-01,$109.21,523462300,$117.53,$120.16,$106.8104
2024-07-31,$117.02,473174200,$112.90,$118.34,$110.88
2024-07-30,$103.73,486833300,$111.52,$111.99,$102.54
2024-07-29,$111.59,248152100,$113.69,$116.28,$111.30
2024-07-26,$113.06,293399100,$116.19,$116.20,$111.58
2024-07-25,$112.28,460067000,$113.04,$116.63,$106.30
2024-07-24,$114.25,327776900,$119.17,$119.95,$113.44
2024-07-23,$122.59,173911000,$122.78,$124.69,$122.10
2024-07-22,$123.54,258068900,$120.35,$124.07,$119.86
2024-07-19,$117.93,217223800,$120.35,$121.60,$117.37
2024-07-18,$121.09,320979500,$121.85,$122.40,$116.56
2024-07-17,$117.99,390086200,$121.35,$121.85,$116.72
2024-07-16,$126.36,214769500,$128.44,$129.04,$124.58
2024-07-15,$128.44,208326200,$130.56,$131.39,$127.18
2024-07-12,$129.24,252680500,$128.26,$131.92,$127.22
2024-07-11,$127.40,374782700,$135.75,$136.15,$127.05
2024-07-10,$134.91,248978600,$134.03,$135.10,$132.42
2024-07-09,$131.38,287020800,$130.35,$133.82,$128.65
2024-07-08,$128.20,237677300,$127.49,$130.77,$127.04
2024-07-05,$125.83,214176700,$127.38,$128.85,$125.68
2024-07-03,$128.28,215749000,$121.66,$128.28,$121.36
2024-07-02,$122.67,218374000,$121.13,$123.41,$121.03
2024-07-01,$124.30,284885500,$123.47,$124.84,$118.83
2024-06-28,$123.54,315516700,$124.58,$127.71,$122.75
2024-06-27,$123.99,252571700,$124.10,$126.41,$122.92
2024-06-26,$126.40,362975900,$126.13,$128.12,$122.60
2024-06-25,$126.09,425787500,$121.20,$126.50,$119.32
2024-06-24,$118.11,476060900,$123.24,$124.46,$118.04
2024-06-21,$126.57,655484700,$127.12,$130.63,$124.30
2024-06-20,$130.78,517768400,$139.80,$140.76,$129.52
2024-06-18,$135.58,294335100,$131.14,$136.33,$130.69
2024-06-17,$130.98,288504400,$132.99,$133.73,$129.58
2024-06-14,$131.88,309320400,$129.96,$132.84,$128.32
2024-06-13,$129.61,260704500,$129.39,$129.80,$127.16
2024-06-12,$125.20,299595000,$123.06,$126.88,$122.57
2024-06-11,$120.91,222551200,$121.77,$122.87,$118.74
2024-06-10,$121.79,314162700,$120.37,$123.10,$117.01
2024-06-07,$120.888,412385800,$119.77,$121.6917,$118.022
2024-06-06,$120.998,664696200,$124.048,$125.587,$118.32
2024-06-05,$122.44,528401800,$118.371,$122.4495,$117.468
2024-06-04,$116.437,403324000,$115.716,$116.60,$114.045
2024-06-03,$115.00,438391800,$113.621,$115.00,$112.003
2024-05-31,$109.633,613262500,$112.52,$112.717,$106.94
2024-05-30,$110.50,487350300,$114.65,$115.8191,$109.663
2024-05-29,$114.825,557441900,$113.05,$115.492,$110.901
2024-05-28,$113.901,652727900,$110.244,$114.939,$109.883
2024-05-24,$106.469,429493700,$104.449,$106.475,$103.00
2024-05-23,$103.799,835065300,$102.028,$106.32,$101.52
2024-05-22,$94.95,548648000,$95.459,$96.02,$93.249
2024-05-21,$95.386,328946500,$93.599,$95.40,$93.18
2024-05-20,$94.78,318764500,$93.75,$95.20,$93.44
2024-05-17,$92.479,359691000,$94.369,$94.74,$91.806
2024-05-16,$94.359,323951800,$94.91,$95.819,$94.103
2024-05-15,$94.63,417735500,$92.472,$94.862,$91.599
2024-05-14,$91.356,296507100,$89.599,$91.651,$88.934
2024-05-13,$90.399,289680200,$90.478,$90.998,$88.529
2024-05-10,$89.878,335325400,$90.3045,$91.401,$89.227
2024-05-09,$88.747,378012700,$90.529,$91.072,$88.231
2024-05-08,$90.412,325721000,$89.4825,$91.194,$89.42
2024-05-07,$90.554,437341600,$91.098,$91.781,$89.011
2024-05-06,$92.14,376202600,$89.39,$92.22,$89.055
2024-05-03,$88.789,398340700,$87.789,$89.281,$87.04
2024-05-02,$85.817,377897500,$84.449,$86.237,$83.20
2024-05-01,$83.041,559863200,$85.077,$86.00,$81.2546
2024-04-30,$86.402,363708700,$87.24,$88.819,$86.30
2024-04-29,$87.757,388970800,$87.595,$87.992,$85.266
2024-04-26,$87.735,551010800,$83.818,$88.3309,$83.387
2024-04-25,$82.632,424640700,$78.868,$83.323,$78.223
2024-04-24,$79.677,512207500,$83.95,$84.082,$79.183
2024-04-23,$82.423,438559400,$80.769,$82.769,$80.264
2024-04-22,$79.518,596340500,$78.104,$80.073,$76.40
2024-04-19,$76.20,875198000,$83.15,$84.324,$75.606
2024-04-18,$84.671,447260300,$84.97,$86.19,$82.402
2024-04-17,$84.035,495399500,$88.34,$88.775,$83.95
2024-04-16,$87.415,370453000,$86.4325,$88.118,$86.0639
2024-04-15,$86.001,443077000,$89.098,$90.613,$85.929
2024-04-12,$88.186,426804800,$89.699,$90.175,$87.53
2024-04-11,$90.616,431637300,$87.42,$90.739,$86.926
2024-04-10,$87.039,431928500,$83.926,$87.40,$83.709
2024-04-09,$85.354,503547400,$87.442,$87.635,$83.022
2024-04-08,$87.133,283220000,$88.70,$88.83,$86.732
2024-04-05,$88.008,399678500,$86.866,$88.481,$85.926
2024-04-04,$85.905,434964900,$90.406,$90.634,$85.88
2024-04-03,$88.964,370066600,$88.484,$90.374,$88.40
2024-04-02,$89.452,433063600,$88.448,$90.094,$87.62
2024-04-01,$90.363,452441500,$90.299,$92.225,$89.204
2024-03-28,$90.356,435212300,$90.00,$91.30,$89.193
2024-03-27,$90.25,586067200,$93.112,$93.24,$89.123
2024-03-26,$92.561,513647600,$95.851,$96.375,$92.502
2024-03-25,$95.002,552136100,$93.941,$96.766,$93.51
2024-03-22,$94.289,586719400,$91.141,$94.778,$90.834
2024-03-21,$91.435,480372300,$92.30,$92.648,$90.405
2024-03-20,$90.372,479062800,$89.797,$90.41,$88.223
2024-03-19,$89.398,672171300,$86.70,$90.544,$85.01
2024-03-18,$88.455,668975900,$90.388,$92.405,$87.085
2024-03-15,$87.8365,642086200,$86.93,$89.546,$86.257
2024-03-14,$87.944,602318200,$89.577,$90.646,$86.60
2024-03-13,$90.888,635712900,$91.055,$91.504,$88.435
2024-03-12,$91.913,668075200,$88.049,$91.96,$86.1501
2024-03-11,$85.774,678364100,$86.429,$88.797,$84.166
2024-03-08,$87.528,1142269000,$95.1379,$97.40,$86.506
2024-03-07,$92.669,608119200,$90.158,$92.767,$89.602
2024-03-06,$88.70,582520300,$88.022,$89.724,$87.03
2024-03-05,$85.964,520639300,$85.27,$86.097,$83.417
2024-03-04,$85.237,615616500,$84.13,$87.695,$83.719
2024-03-01,$82.279,479135100,$80.00,$82.30,$79.435
2024-02-29,$79.112,507289000,$79.094,$79.99,$78.35
2024-02-28,$77.663,393110400,$77.62,$78.933,$77.125
2024-02-27,$78.701,391705200,$79.381,$79.48,$77.162
2024-02-26,$79.092,503972700,$79.70,$80.646,$78.505
2024-02-23,$78.817,829388400,$80.79,$82.394,$77.57
2024-02-22,$78.538,865099700,$75.025,$78.575,$74.22
2024-02-21,$67.472,690298100,$68.006,$68.888,$66.248
2024-02-20,$69.452,704833100,$71.947,$71.956,$67.734
2024-02-16,$72.613,495326600,$74.10,$74.402,$72.501
2024-02-15,$72.658,420121800,$73.869,$73.975,$72.40
2024-02-14,$73.90,504917400,$73.202,$74.236,$71.938
2024-02-13,$72.128,602580200,$70.40,$73.45,$69.62
2024-02-12,$72.248,613710200,$72.60,$74.611,$71.25
2024-02-09,$72.133,436636900,$70.533,$72.185,$70.212
2024-02-08,$69.641,414422100,$70.074,$70.794,$69.455
2024-02-07,$70.099,495574600,$68.319,$70.22,$67.60
2024-02-06,$68.223,683111400,$69.63,$69.754,$66.30
2024-02-05,$69.332,680078000,$68.225,$69.497,$67.205
2024-02-02,$66.16,476577700,$63.974,$66.60,$63.69
2024-02-01,$63.027,369145800,$62.10,$63.191,$61.65
2024-01-31,$61.527,453794900,$61.44,$62.269,$60.70
2024-01-30,$62.774,410735300,$62.90,$63.493,$62.26
2024-01-29,$62.465,348733000,$61.232,$62.489,$60.907
2024-01-26,$61.031,390308600,$60.96,$61.783,$60.573
2024-01-25,$61.617,482776800,$62.35,$62.719,$60.85
2024-01-24,$61.362,560270800,$60.304,$62.849,$59.938
2024-01-23,$59.873,294654500,$59.57,$59.91,$58.585
2024-01-22,$59.654,452954600,$60.049,$60.331,$59.07
2024-01-19,$59.491,543501500,$57.989,$59.50,$57.225
2024-01-18,$57.107,491650400,$57.26,$57.60,$56.107
2024-01-17,$56.053,474394400,$56.347,$56.4707,$54.74
2024-01-16,$56.382,449579700,$55.018,$56.835,$54.90
2024-01-12,$54.71,352993600,$54.62,$54.97,$54.3301
2024-01-11,$54.822,596758800,$54.999,$55.346,$53.56
2024-01-10,$54.35,533795800,$53.616,$54.60,$53.489
2024-01-09,$53.14,773100100,$52.401,$54.325,$51.69
2024-01-08,$52.253,642509900,$49.512,$52.275,$49.479
2024-01-05,$49.097,415039300,$48.462,$49.547,$48.306
2024-01-04,$47.998,306534900,$47.767,$48.50,$47.508
2024-01-03,$47.569,320896200,$47.485,$48.1841,$47.32
2024-01-02,$48.168,411254200,$49.244,$49.295,$47.595
2023-12-29,$49.522,389293300,$49.813,$49.997,$48.751
2023-12-28,$49.522,246587500,$49.643,$49.884,$49.412
2023-12-27,$49.417,233648000,$49.511,$49.68,$49.085
2023-12-26,$49.279,244199500,$48.968,$49.60,$48.96
2023-12-22,$48.83,252506800,$49.195,$49.383,$48.467
2023-12-21,$48.99,300425400,$48.811,$49.095,$48.419
2023-12-20,$48.111,397894400,$49.655,$49.999,$48.098
2023-12-19,$49.604,464444500,$49.424,$49.70,$48.895
2023-12-18,$50.077,412587200,$49.40,$50.433,$49.15
2023-12-15,$48.89,479947600,$48.194,$49.404,$48.12
2023-12-14,$48.35,391231700,$48.39,$48.67,$47.422
2023-12-13,$48.088,447791900,$47.629,$48.594,$47.608
2023-12-12,$47.657,372386900,$46.046,$47.666,$46.046
2023-12-11,$46.627,509728100,$47.491,$47.531,$45.83
2023-12-08,$47.506,359223700,$46.595,$47.7409,$46.55
2023-12-07,$46.596,350822600,$45.70,$46.629,$45.604
2023-12-06,$45.503,380589600,$47.2145,$47.387,$45.412
2023-12-05,$46.566,371717600,$45.466,$46.60,$45.271
2023-12-04,$45.51,437543400,$46.077,$46.077,$45.01
2023-12-01,$46.765,369317000,$46.525,$47.20,$46.187
2023-11-30,$46.77,526246600,$48.024,$48.11,$46.422
2023-11-29,$48.14,382004700,$48.379,$48.762,$47.86
2023-11-28,$47.821,401490900,$48.236,$48.3229,$47.473
2023-11-27,$48.242,395661900,$47.80,$48.53,$47.652
2023-11-24,$47.776,294644600,$48.47,$48.921,$47.745
2023-11-22,$48.716,900642300,$49.852,$50.3349,$47.69
2023-11-21,$49.944,565746900,$50.126,$50.517,$49.222
2023-11-20,$50.409,416142600,$49.312,$50.548,$49.181
2023-11-17,$49.298,325896900,$49.524,$49.717,$49.007
2023-11-16,$49.48,339756200,$48.679,$49.5247,$48.33
2023-11-15,$48.888,475497400,$49.935,$49.96,$48.20
2023-11-14,$49.656,416953900,$49.68,$49.834,$49.04
2023-11-13,$48.62,384135700,$48.32,$49.116,$48.099
2023-11-10,$48.335,422441600,$47.50,$48.472,$47.283
2023-11-09,$46.95,540496000,$47.467,$48.23,$46.75
2023-11-08,$46.574,346718900,$46.10,$46.867,$45.968
2023-11-07,$45.955,343165500,$45.719,$46.218,$45.1575
2023-11-06,$45.751,400733400,$45.2845,$45.935,$44.899
2023-11-03,$45.005,424609600,$44.02,$45.309,$43.723
2023-11-02,$43.506,409171900,$43.328,$43.884,$42.894
2023-11-01,$42.325,437592900,$40.884,$42.381,$40.869
2023-10-31,$40.78,517968700,$40.45,$40.879,$39.23
2023-10-30,$41.161,388028100,$41.087,$41.766,$40.481
2023-10-27,$40.50,416784400,$41.13,$41.206,$40.015
2023-10-26,$40.326,541001300,$41.853,$42.2555,$39.8802
2023-10-25,$41.779,398379200,$43.398,$43.65,$41.555
2023-10-24,$43.663,401463400,$43.077,$43.697,$42.691
2023-10-23,$42.975,478530500,$41.229,$43.248,$40.945
2023-10-20,$41.387,477266100,$41.89,$42.47,$41.078
2023-10-19,$42.101,501233100,$42.811,$43.297,$41.882
2023-10-18,$42.196,627294300,$42.591,$43.219,$41.825
2023-10-17,$43.938,812332700,$44.00,$44.754,$42.48
2023-10-16,$46.095,375099200,$45.063,$46.225,$44.912
2023-10-13,$45.461,475426000,$46.96,$47.116,$45.28
2023-10-12,$46.945,481325000,$46.777,$47.609,$46.33
2023-10-11,$46.806,378136900,$46.196,$46.859,$46.05
2023-10-10,$45.798,368582100,$45.31,$46.259,$45.088
2023-10-09,$45.273,409674700,$44.842,$45.605,$44.368
2023-10-06,$45.762,434436000,$44.193,$45.789,$44.026
2023-10-05,$44.688,393483100,$44.05,$44.90,$43.888
2023-10-04,$44.041,361820900,$43.742,$44.143,$43.292
2023-10-03,$43.517,470849500,$44.808,$45.13,$43.246
2023-10-02,$44.782,433298200,$44.03,$45.175,$43.861
2023-09-29,$43.499,397829900,$43.827,$44.144,$43.3069
2023-09-28,$43.089,424662800,$42.46,$43.4463,$42.115
2023-09-27,$42.468,444935200,$42.33,$42.872,$41.629
2023-09-26,$41.911,402282100,$42.001,$42.82,$41.655
2023-09-25,$42.222,419091000,$41.591,$42.536,$41.177
2023-09-22,$41.61,479236300,$41.572,$42.115,$41.231
2023-09-21,$41.017,450736000,$41.583,$42.10,$40.98
2023-09-20,$42.239,367107700,$43.60,$43.903,$42.223
2023-09-19,$43.52,373064200,$43.833,$43.966,$43.002
2023-09-18,$43.966,500270800,$42.748,$44.242,$42.00
2023-09-15,$43.90,506830500,$45.341,$45.599,$43.808
2023-09-14,$45.581,370097200,$45.95,$45.987,$45.131
2023-09-13,$45.485,398355400,$44.60,$45.93,$44.503
2023-09-12,$44.87,349256300,$44.738,$45.673,$44.531
2023-09-11,$45.178,473965600,$46.148,$46.163,$44.312
2023-09-08,$45.572,473899900,$45.942,$46.606,$45.271
2023-09-07,$46.241,433329900,$45.525,$46.344,$45.152
2023-09-06,$47.061,468669600,$48.441,$48.549,$46.58
2023-09-05,$48.548,382652600,$48.223,$48.8508,$47.86
2023-09-01,$48.509,463830300,$49.762,$49.80,$48.1416
2023-08-31,$49.355,528569800,$49.38,$49.744,$48.958
2023-08-30,$49.264,735206000,$49.044,$49.927,$48.425
2023-08-29,$48.784,701397000,$46.666,$49.081,$46.391
2023-08-28,$46.835,685192200,$46.482,$46.98,$44.888
2023-08-25,$46.018,925340500,$47.012,$47.805,$45.024
2023-08-24,$47.163,1156044000,$50.216,$50.266,$47.159
2023-08-23,$47.116,779046100,$45.866,$47.20,$45.208
2023-08-22,$45.668,757206900,$48.135,$48.187,$45.3331
2023-08-21,$46.967,692573400,$44.494,$47.065,$44.222
2023-08-18,$43.299,583767900,$42.635,$43.578,$41.66
2023-08-17,$43.3435,452394800,$43.97,$44.062,$43.001
2023-08-16,$43.486,527450700,$44.52,$44.675,$43.406
2023-08-15,$43.94,676511500,$44.56,$45.268,$43.71
2023-08-14,$43.753,690285800,$40.486,$43.80,$40.311
2023-08-11,$40.855,533085300,$41.751,$42.018,$40.639
2023-08-10,$42.388,492705300,$42.16,$43.574,$41.835
2023-08-09,$42.554,586449100,$44.274,$44.312,$42.134
2023-08-08,$44.664,353843400,$44.853,$45.242,$44.056
2023-08-07,$45.4165,322153500,$45.111,$45.54,$44.5635
2023-08-04,$44.68,362666200,$44.985,$45.642,$44.393
2023-08-03,$44.515,325076600,$43.80,$45.118,$43.80
2023-08-02,$44.269,530141600,$45.831,$45.84,$43.387
2023-08-01,$46.507,239276000,$46.4595,$46.90,$46.027
2023-07-31,$46.729,251055300,$46.754,$47.13,$46.506
2023-07-28,$46.75,331194200,$46.668,$47.027,$46.381
2023-07-27,$45.90,455975500,$46.519,$47.395,$45.75
2023-07-26,$45.452,364237300,$46.021,$46.053,$44.63
2023-07-25,$45.679,348080900,$44.941,$46.1825,$44.923
2023-07-24,$44.612,383099700,$44.731,$45.109,$44.04
2023-07-21,$44.309,963768600,$45.788,$45.866,$44.10
2023-07-20,$45.52,537864500,$46.507,$47.087,$45.062
2023-07-19,$47.077,427501800,$47.464,$47.818,$46.742
2023-07-18,$47.494,570190400,$46.701,$47.896,$45.734
2023-07-17,$46.461,510488200,$46.289,$46.496,$45.2624
2023-07-14,$45.469,772075300,$46.5828,$48.088,$45.06
2023-07-13,$45.977,478203700,$44.518,$46.155,$44.492
2023-07-12,$43.902,481277000,$43.033,$43.935,$42.7773
2023-07-11,$42.405,298244100,$42.481,$42.758,$42.067
2023-07-10,$42.18,353908100,$42.657,$42.811,$41.649
2023-07-07,$42.503,355881500,$42.322,$43.214,$42.18
2023-07-06,$42.103,304138800,$41.844,$42.179,$41.346
2023-07-05,$42.317,323617600,$42.135,$43.177,$42.085
2023-07-03,$42.413,197754100,$42.517,$42.898,$42.202
2023-06-30,$42.302,501147800,$41.68,$42.55,$41.501
2023-06-29,$40.822,380514300,$41.558,$41.60,$40.60
2023-06-28,$41.117,582639300,$40.66,$41.845,$40.518
2023-06-27,$41.876,462174700,$40.799,$41.94,$40.448
2023-06-26,$40.632,594321900,$42.461,$42.764,$40.10
2023-06-23,$42.209,358139800,$42.464,$42.809,$42.015
2023-06-22,$43.025,417737400,$42.253,$43.4255,$42.234
2023-06-21,$43.045,551602900,$43.501,$43.615,$42.08
2023-06-20,$43.808,451153100,$42.998,$43.99,$42.674
2023-06-16,$42.692,655709400,$43.45,$43.721,$42.6605
2023-06-15,$42.653,568622000,$42.602,$43.289,$42.147
2023-06-14,$42.997,740465000,$40.824,$43.00,$40.552
2023-06-13,$41.022,613208200,$40.186,$41.101,$39.74
2023-06-12,$39.482,389673400,$39.20,$39.53,$38.618
2023-06-09,$38.77,427717500,$39.037,$39.711,$38.567
2023-06-08,$38.51,417772400,$37.724,$38.864,$37.505
2023-06-07,$37.475,511997900,$38.915,$39.499,$37.356
2023-06-06,$38.654,388729100,$38.83,$39.16,$38.148
2023-06-05,$39.171,396093800,$38.909,$39.565,$38.707
2023-06-02,$39.327,482731200,$40.097,$40.50,$39.058
2023-06-01,$39.77,635873000,$38.489,$40.05,$38.34
2023-05-31,$37.834,1002580000,$39.488,$40.295,$37.822
2023-05-30,$40.111,923401100,$40.595,$41.938,$39.949
2023-05-26,$38.946,714396800,$37.89,$39.17,$37.55
2023-05-25,$37.98,1543911000,$38.523,$39.48,$36.635
2023-05-24,$30.538,721418500,$30.21,$30.607,$29.806
2023-05-23,$30.688,356253300,$31.00,$31.288,$30.631
2023-05-22,$31.176,371999700,$30.901,$31.52,$30.68
2023-05-19,$31.264,473907700,$31.536,$31.58,$30.916
2023-05-18,$31.678,748725000,$30.41,$31.828,$30.32
2023-05-17,$30.178,432535400,$29.584,$30.199,$29.43
2023-05-16,$29.213,449404900,$28.841,$29.87,$28.832
2023-05-15,$28.953,293925900,$28.5085,$28.969,$28.152
2023-05-12,$28.34,274222300,$28.529,$28.78,$28.046
2023-05-11,$28.578,322149000,$28.896,$28.95,$28.246
2023-05-10,$28.885,369350000,$29.005,$29.113,$28.4613
2023-05-09,$28.571,314869500,$28.899,$28.973,$28.45
2023-05-08,$29.151,344978900,$28.522,$29.22,$28.35
2023-05-05,$28.68,361494100,$27.8255,$28.755,$27.731
2023-05-04,$27.562,321850400,$27.651,$27.859,$27.24
2023-05-03,$27.802,383387400,$27.84,$28.367,$27.472
2023-05-02,$28.21,402729600,$28.68,$28.836,$28.083
2023-05-01,$28.91,570328500,$27.84,$29.0584,$27.78
2023-04-28,$27.749,292216100,$27.225,$27.758,$27.0715
2023-04-27,$27.226,377161200,$27.363,$27.495,$26.625
2023-04-26,$26.956,406336800,$27.002,$27.33,$26.7051
2023-04-25,$26.241,378527200,$27.078,$27.247,$26.225
2023-04-24,$27.042,339281900,$27.013,$27.366,$26.671
2023-04-21,$27.119,345102800,$26.952,$27.183,$26.722
2023-04-20,$27.104,427713300,$27.671,$28.03,$27.00
2023-04-19,$27.931,358660400,$27.361,$28.00,$27.232
2023-04-18,$27.667,604811500,$27.5335,$28.11,$27.357
2023-04-17,$27.002,321471300,$26.5655,$27.006,$26.4332
2023-04-14,$26.758,395660100,$26.504,$26.883,$26.22
2023-04-13,$26.463,353615300,$26.734,$26.8869,$26.329
2023-04-12,$26.495,446259000,$27.37,$27.468,$26.4475
2023-04-11,$27.169,314378200,$27.7235,$27.79,$27.126
2023-04-10,$27.579,395278600,$26.823,$27.621,$26.669
2023-04-06,$27.037,397654300,$26.584,$27.08,$26.427
2023-04-05,$26.881,515014700,$26.829,$26.998,$26.395
2023-04-04,$27.453,368591500,$27.966,$28.00,$27.307
2023-04-03,$27.965,398715600,$27.509,$28.00,$27.336
2023-03-31,$27.777,433932800,$27.14,$27.8343,$27.105
2023-03-30,$27.383,364515700,$27.229,$27.499,$27.102
2023-03-29,$26.984,393693900,$26.825,$27.078,$26.597
2023-03-28,$26.41,356103800,$26.447,$26.513,$25.85
2023-03-27,$26.531,361025700,$26.837,$27.00,$26.365
2023-03-24,$26.779,455414100,$27.031,$27.167,$26.355
2023-03-23,$27.191,564888800,$27.1155,$27.499,$26.69
2023-03-22,$26.468,797295100,$26.425,$27.589,$26.237
2023-03-21,$26.199,547407800,$26.18,$26.392,$25.381
2023-03-20,$25.90,432747200,$25.615,$26.024,$25.1298
2023-03-17,$25.725,848546600,$25.982,$26.399,$25.668
2023-03-16,$25.541,584946300,$24.027,$25.588,$23.894
2023-03-15,$24.228,524485700,$23.761,$24.286,$23.36
2023-03-14,$24.063,474910100,$23.496,$24.219,$23.46
2023-03-13,$22.966,421890300,$22.752,$23.298,$22.297
2023-03-10,$22.965,474865700,$23.409,$23.627,$22.726
2023-03-09,$23.436,501257000,$24.175,$24.454,$23.3828
2023-03-08,$24.181,513573400,$23.487,$24.20,$23.4235
2023-03-07,$23.288,515153900,$23.60,$24.125,$23.241
2023-03-06,$23.554,437429200,$23.891,$24.248,$23.487
2023-03-03,$23.89,412393300,$23.32,$23.90,$23.13
2023-03-02,$23.314,390074700,$22.488,$23.3804,$22.432
2023-03-01,$22.698,460025600,$23.192,$23.2556,$22.508
2023-02-28,$23.216,455962800,$23.372,$23.825,$23.206
2023-02-27,$23.501,452993700,$23.67,$23.8799,$23.454
2023-02-24,$23.286,589715900,$23.225,$23.474,$22.947
2023-02-23,$23.664,1117995000,$23.44,$23.888,$23.025
2023-02-22,$20.754,513184300,$20.707,$21.104,$20.421
2023-02-21,$20.655,410014600,$21.00,$21.4938,$20.618
2023-02-17,$21.388,465887600,$21.631,$21.74,$20.975
2023-02-16,$22.002,412026300,$22.133,$22.55,$21.9268
2023-02-15,$22.764,421188300,$22.549,$22.855,$22.106
2023-02-14,$22.971,675473500,$21.578,$23.0488,$21.366
2023-02-13,$21.788,474918600,$21.538,$22.048,$20.962
2023-02-10,$21.265,550736800,$21.69,$22.0776,$20.811
2023-02-09,$22.337,523875800,$22.606,$23.02,$22.12
2023-02-08,$22.205,559651200,$22.387,$22.878,$22.008
2023-02-07,$22.173,664149600,$21.382,$22.259,$21.15
2023-02-06,$21.089,452197100,$20.806,$21.57,$20.786
2023-02-03,$21.10,429366000,$21.00,$21.745,$20.789
2023-02-02,$21.709,564275800,$21.00,$21.949,$20.70
2023-02-01,$20.943,660477000,$19.691,$21.192,$19.611
2023-01-31,$19.537,498016600,$19.1695,$19.687,$18.95
2023-01-30,$19.162,488611200,$19.95,$20.14,$19.15
2023-01-27,$20.365,542142000,$19.462,$20.628,$19.405
2023-01-26,$19.802,489535400,$19.701,$20.166,$19.278
2023-01-25,$19.323,449537100,$18.9125,$19.37,$18.58
2023-01-24,$19.265,496204100,$18.827,$19.495,$18.82
2023-01-23,$19.193,655162600,$18.064,$19.245,$17.8175
2023-01-20,$17.839,564967100,$17.011,$17.856,$16.825
2023-01-19,$16.765,452931600,$17.036,$17.197,$16.731
2023-01-18,$17.377,439623600,$17.667,$17.873,$17.282
2023-01-17,$17.702,511102200,$16.899,$17.728,$16.899
2023-01-13,$16.899,447287100,$16.278,$16.922,$16.165
2023-01-12,$16.511,551409100,$16.10,$16.637,$15.492
2023-01-11,$16.001,353284900,$15.8395,$16.028,$15.563
2023-01-10,$15.909,384101300,$15.507,$15.962,$15.472
2023-01-09,$15.628,504230600,$15.284,$16.056,$15.141
2023-01-06,$14.859,405043600,$14.474,$15.01,$14.034
2023-01-05,$14.265,389168100,$14.491,$14.564,$14.148
2023-01-04,$14.749,431323600,$14.567,$14.853,$14.241
2023-01-03,$14.315,401276600,$14.851,$14.996,$14.096
2022-12-30,$14.614,310489800,$14.334,$14.629,$14.233
2022-12-29,$14.603,354923200,$14.402,$14.683,$14.227
2022-12-28,$14.036,351066500,$13.927,$14.262,$13.884
2022-12-27,$14.121,464902300,$15.074,$15.10,$14.056
2022-12-23,$15.206,349325600,$15.196,$15.339,$14.883
2022-12-22,$15.339,565045300,$16.0935,$16.138,$14.882
2022-12-21,$16.501,325025400,$16.114,$16.627,$16.102
2022-12-20,$16.085,403259800,$16.064,$16.31,$15.852
2022-12-19,$16.254,354038800,$16.572,$16.609,$16.145
2022-12-16,$16.571,478231900,$16.8642,$17.041,$16.41
2022-12-15,$16.952,478542100,$17.146,$17.32,$16.70
2022-12-14,$17.674,496888100,$17.987,$18.252,$17.42
2022-12-13,$18.072,656588800,$18.531,$18.79,$17.711
2022-12-12,$17.535,457327800,$17.037,$17.538,$16.797
2022-12-09,$17.001,465338200,$17.16,$17.583,$16.975
2022-12-08,$17.169,515455500,$16.273,$17.179,$15.959
2022-12-07,$16.12,372387600,$15.772,$16.186,$15.667
2022-12-06,$15.987,352694300,$16.53,$16.573,$15.819
2022-12-05,$16.61,352255200,$16.679,$16.995,$16.472
2022-12-02,$16.876,371388600,$16.659,$16.9326,$16.445
2022-12-01,$17.135,470976600,$16.999,$17.265,$16.635
2022-11-30,$16.923,565298200,$15.697,$16.93,$15.597
2022-11-29,$15.639,298384500,$15.827,$15.932,$15.52
2022-11-28,$15.827,304152000,$16.026,$16.357,$15.725
2022-11-25,$16.27,167934300,$16.318,$16.487,$16.172
2022-11-23,$16.519,427240900,$16.098,$16.527,$16.048
2022-11-22,$16.038,472866100,$15.328,$16.0576,$15.1216
2022-11-21,$15.317,404739300,$15.147,$15.477,$15.08
2022-11-18,$15.409,492071700,$15.966,$16.002,$15.12
2022-11-17,$15.677,710893600,$15.715,$16.266,$15.535
2022-11-16,$15.91,649546800,$16.1615,$16.362,$15.873
2022-11-15,$16.666,545875500,$16.7215,$16.998,$16.382
2022-11-14,$16.295,527852500,$16.218,$16.54,$15.922
2022-11-11,$16.327,655487500,$15.8075,$16.389,$15.482
2022-11-10,$15.75,700819300,$14.80,$15.773,$14.547
2022-11-09,$13.776,454413700,$14.1615,$14.211,$13.759
2022-11-08,$14.602,595292000,$14.801,$14.891,$14.216
2022-11-07,$14.301,410061000,$14.228,$14.412,$13.954
2022-11-04,$14.156,612575900,$13.986,$14.229,$13.697
2022-11-03,$13.421,500064900,$13.043,$13.781,$12.956
2022-11-02,$13.219,672627800,$13.85,$14.21,$13.2112
2022-11-01,$13.543,432816900,$13.811,$13.925,$13.519
2022-10-31,$13.497,486341000,$13.778,$13.838,$13.297
2022-10-28,$13.834,521039900,$13.104,$13.85,$13.061
2022-10-27,$13.176,583113100,$13.63,$13.838,$13.122
2022-10-26,$12.896,535533300,$12.869,$13.388,$12.708
2022-10-25,$13.261,505482300,$12.6935,$13.30,$12.664
2022-10-24,$12.599,517457400,$12.508,$12.71,$12.064
2022-10-21,$12.466,609494400,$12.0982,$12.498,$11.887
2022-10-20,$12.194,652397600,$12.113,$12.769,$12.105
2022-10-19,$12.051,523130600,$11.879,$12.35,$11.834
2022-10-18,$11.967,659362100,$12.344,$12.492,$11.618
2022-10-17,$11.888,580774200,$11.518,$11.948,$11.517
2022-10-14,$11.227,713432000,$12.057,$12.111,$11.204
2022-10-13,$11.96,850103000,$10.971,$12.078,$10.813
2022-10-12,$11.50,492590200,$11.579,$11.735,$11.345
2022-10-11,$11.586,667481600,$11.561,$11.846,$11.283
2022-10-10,$11.67,698699300,$12.037,$12.1243,$11.4081
2022-10-07,$12.076,672478200,$12.505,$12.67,$12.022
2022-10-06,$13.13,644156900,$13.22,$13.656,$13.103
2022-10-05,$13.209,507130700,$12.9107,$13.321,$12.621
2022-10-04,$13.167,584181700,$12.879,$13.22,$12.879
2022-10-03,$12.512,547478500,$12.347,$12.678,$12.105
2022-09-30,$12.139,565638400,$12.087,$12.633,$12.075
2022-09-29,$12.22,532763100,$12.448,$12.50,$11.946
2022-09-28,$12.736,542413900,$12.41,$12.823,$12.3539
2022-09-27,$12.413,553854100,$12.507,$12.736,$12.258
2022-09-26,$12.228,547342700,$12.491,$12.659,$12.214
2022-09-23,$12.516,663309300,$12.42,$12.611,$12.257
2022-09-22,$12.561,759162200,$13.07,$13.149,$12.428
2022-09-21,$13.261,807679400,$13.213,$14.031,$13.11
2022-09-20,$13.176,524817800,$13.2145,$13.4828,$13.057
2022-09-19,$13.382,569685300,$13.012,$13.463,$13.01
2022-09-16,$13.198,670751400,$12.7415,$13.212,$12.617
2022-09-15,$12.929,523625200,$13.0152,$13.233,$12.79
2022-09-14,$13.128,588506500,$13.254,$13.29,$12.913
2022-09-13,$13.131,714955600,$13.802,$13.922,$13.099
2022-09-12,$14.505,484159200,$14.369,$14.547,$14.198
2022-09-09,$14.387,487128400,$14.157,$14.474,$14.126
2022-09-08,$13.99,624873100,$13.459,$14.008,$13.369
2022-09-07,$13.714,512657500,$13.563,$13.838,$13.346
2022-09-06,$13.465,535751200,$13.731,$13.779,$13.351
2022-09-02,$13.647,743157500,$14.10,$14.171,$13.591
2022-09-01,$13.937,1178865000,$14.209,$14.38,$13.2702
2022-08-31,$15.094,573709900,$15.384,$15.54,$14.9585
2022-08-30,$15.468,530180700,$15.96,$16.039,$15.182
2022-08-29,$15.801,496131900,$16.02,$16.338,$15.767
2022-08-26,$16.26,769127400,$17.857,$17.924,$16.237
2022-08-25,$17.913,770691300,$16.844,$17.947,$16.833
2022-08-24,$17.222,522660700,$17.012,$17.406,$16.895
2022-08-23,$17.181,369985800,$16.9885,$17.465,$16.97
2022-08-22,$17.034,409592700,$17.49,$17.558,$16.966
2022-08-19,$17.849,441588300,$18.406,$18.52,$17.77
2022-08-18,$18.773,415446600,$18.301,$18.865,$18.183
2022-08-17,$18.335,446799100,$18.523,$18.688,$18.145
2022-08-16,$18.879,451239600,$18.9195,$19.142,$18.501
2022-08-15,$19.032,457665600,$18.701,$19.164,$18.613
2022-08-12,$18.709,478094200,$18.16,$18.718,$17.953
2022-08-11,$17.942,509326600,$18.131,$18.707,$17.876
2022-08-10,$18.097,597422500,$17.698,$18.118,$17.317
2022-08-09,$17.086,668262700,$17.252,$17.4472,$16.724
2022-08-08,$17.793,983783200,$17.502,$18.239,$17.242
2022-08-05,$18.989,386068300,$18.81,$19.2289,$18.666
2022-08-04,$19.215,409652300,$18.849,$19.274,$18.76
2022-08-03,$18.893,418145600,$18.184,$18.968,$18.137
2022-08-02,$18.526,489526900,$18.122,$18.9375,$18.092
2022-08-01,$18.441,476469000,$18.182,$18.846,$17.99
2022-07-29,$18.163,435460400,$17.813,$18.244,$17.692
2022-07-28,$17.984,474646300,$17.975,$18.14,$17.44
2022-07-27,$17.79,569776200,$17.032,$17.936,$16.913
2022-07-26,$16.533,397864900,$16.889,$16.919,$16.478
2022-07-25,$17.024,480747500,$17.019,$17.124,$16.649
2022-07-22,$17.319,536670900,$17.893,$17.967,$17.1365
2022-07-21,$18.05,557049300,$17.885,$18.144,$17.5446
2022-07-20,$17.807,760537800,$16.947,$17.9325,$16.801
2022-07-19,$16.992,702366100,$16.486,$17.11,$16.172
2022-07-18,$16.101,670517500,$16.302,$16.897,$16.002
2022-07-15,$15.762,385935500,$15.659,$15.782,$15.445
2022-07-14,$15.372,456234800,$15.108,$15.473,$14.728
2022-07-13,$15.164,521918300,$14.59,$15.375,$14.465
2022-07-12,$15.082,458483100,$15.268,$15.431,$14.877
2022-07-11,$15.152,438388700,$15.526,$15.527,$15.038
2022-07-08,$15.838,467971800,$15.43,$16.037,$15.389
2022-07-07,$15.858,492902800,$15.4555,$15.945,$15.389
2022-07-06,$15.13,529065900,$15.01,$15.319,$14.789
2022-07-05,$14.964,652207600,$14.175,$14.971,$14.055
2022-07-01,$14.523,577610100,$14.899,$15.0629,$14.392
2022-06-30,$15.159,686070000,$15.361,$15.567,$14.862
2022-06-29,$15.542,482352300,$15.814,$15.82,$15.17
2022-06-28,$15.982,461859400,$16.90,$17.202,$15.945
2022-06-27,$16.869,427967900,$17.312,$17.33,$16.6255
2022-06-24,$17.126,472152800,$16.50,$17.14,$16.31
2022-06-23,$16.225,463679600,$16.5185,$16.585,$15.853
2022-06-22,$16.36,437997400,$16.226,$16.662,$16.18
2022-06-21,$16.566,483088900,$16.4745,$17.008,$16.407
2022-06-17,$15.88,630334000,$15.648,$15.995,$15.328
2022-06-16,$15.601,545748700,$15.86,$15.9423,$15.401
2022-06-15,$16.527,563935700,$16.095,$16.868,$15.926
2022-06-14,$15.836,469679500,$15.731,$16.066,$15.412
2022-06-13,$15.647,604153400,$16.00,$16.312,$15.606
2022-06-10,$16.974,465649700,$17.60,$17.697,$16.869
2022-06-09,$18.048,395573800,$18.481,$18.933,$18.041
2022-06-08,$18.648,363252500,$18.799,$19.18,$18.535
2022-06-07,$18.926,388914100,$18.472,$19.00,$18.188
2022-06-06,$18.786,422406200,$19.139,$19.337,$18.5642
2022-06-03,$18.72,598778700,$19.0815,$19.3323,$18.5216
2022-06-02,$19.592,648655800,$18.292,$19.619,$18.198
2022-06-01,$18.32,544513900,$18.724,$19.0532,$18.122
2022-05-31,$18.672,664099500,$18.98,$19.20,$18.35
2022-05-27,$18.811,738379400,$18.186,$18.881,$18.10
2022-05-26,$17.851,996574500,$16.036,$18.092,$16.022
2022-05-25,$16.975,781131900,$16.02,$17.111,$16.00
2022-05-24,$16.154,588550000,$16.51,$16.597,$15.78
2022-05-23,$16.898,639888700,$16.274,$16.915,$16.179
2022-05-20,$16.694,739105300,$17.332,$17.41,$15.755
2022-05-19,$17.124,621309600,$16.937,$17.687,$16.7341
2022-05-18,$16.938,545161100,$17.705,$18.118,$16.864
2022-05-17,$18.177,585829700,$18.074,$18.371,$17.634
2022-05-16,$17.264,521446000,$17.509,$17.788,$17.106
2022-05-13,$17.706,670436500,$16.788,$17.9284,$16.5925
2022-05-12,$16.175,708728400,$16.2191,$16.788,$15.567
2022-05-11,$16.63,670167000,$17.347,$17.753,$16.568
2022-05-10,$17.595,761474300,$17.689,$18.198,$17.025
2022-05-09,$16.95,644454500,$18.034,$18.255,$16.827
2022-05-06,$18.675,633296700,$18.736,$19.512,$17.99
2022-05-05,$18.844,626331400,$19.867,$19.925,$18.50
2022-05-04,$20.334,648854600,$19.923,$20.40,$18.751
2022-05-03,$19.602,475750800,$19.40,$19.825,$19.133
2022-05-02,$19.533,572048700,$18.5405,$19.574,$18.391
2022-04-29,$18.547,500434900,$19.402,$20.1285,$18.517
2022-04-28,$19.782,570326700,$18.967,$20.037,$18.4896
2022-04-27,$18.415,499460200,$18.598,$19.167,$18.29
2022-04-26,$18.788,653142500,$19.718,$19.788,$18.67
2022-04-25,$19.902,641565600,$19.202,$19.945,$19.096
2022-04-22,$19.515,624713400,$20.303,$20.486,$19.50
2022-04-21,$20.183,656209400,$21.7092,$22.392,$20.00
2022-04-20,$21.482,468974400,$22.5171,$22.6704,$21.20
2022-04-19,$22.198,512780600,$21.72,$22.373,$21.314
2022-04-18,$21.783,525700600,$21.20,$22.088,$21.079
2022-04-14,$21.258,569096900,$22.505,$22.777,$21.163
2022-04-13,$22.203,516943400,$21.728,$22.50,$21.455
2022-04-12,$21.504,662258100,$22.537,$22.725,$21.282
2022-04-11,$21.917,575206800,$22.214,$22.3199,$21.66
2022-04-08,$23.119,524780600,$23.917,$23.923,$23.062
2022-04-07,$24.208,557992400,$24.441,$24.722,$23.478
2022-04-06,$24.407,703832600,$24.934,$25.30,$24.003
2022-04-05,$25.931,436614700,$27.254,$27.319,$25.82
2022-04-04,$27.36,397707800,$26.728,$27.558,$26.613
2022-04-01,$26.712,517235100,$27.375,$27.496,$26.267
2022-03-31,$27.286,523440200,$27.782,$28.248,$27.27
2022-03-30,$27.69,463487100,$28.304,$28.4955,$27.503
2022-03-29,$28.656,488984400,$28.6945,$28.946,$27.98
2022-03-28,$28.219,425493900,$27.7555,$28.25,$27.206
2022-03-25,$27.692,579016200,$27.886,$28.358,$27.271
2022-03-24,$28.15,877379100,$26.166,$28.32,$25.907
2022-03-23,$25.634,502119900,$26.126,$26.6115,$25.575
2022-03-22,$26.524,547007100,$26.727,$27.238,$26.072
2022-03-21,$26.734,591727100,$26.507,$27.152,$25.967
2022-03-18,$26.453,730718600,$24.799,$26.569,$24.624
2022-03-17,$24.766,471941200,$24.12,$24.842,$23.906
2022-03-16,$24.496,671421700,$23.50,$24.597,$23.172
2022-03-15,$22.973,491995700,$21.518,$23.038,$21.322
2022-03-14,$21.33,385354200,$21.869,$22.262,$21.159
2022-03-11,$22.10,367208600,$23.022,$23.145,$22.046
2022-03-10,$22.658,428065700,$22.531,$22.788,$21.882
2022-03-09,$23.014,492742000,$22.387,$23.22,$22.247
2022-03-08,$21.514,557467200,$21.309,$22.373,$20.65
2022-03-07,$21.352,450820900,$22.817,$23.033,$21.33
2022-03-04,$22.936,432010700,$23.384,$23.68,$22.482
2022-03-03,$23.714,365095000,$24.2615,$24.326,$23.469
2022-03-02,$24.22,389641900,$23.756,$24.409,$23.415
2022-03-01,$23.477,412056000,$24.291,$24.377,$23.132
2022-02-28,$24.385,477318600,$23.992,$24.665,$23.707
2022-02-25,$24.157,528865500,$23.721,$24.217,$23.381
2022-02-24,$23.748,735800600,$21.015,$23.80,$20.89
2022-02-23,$22.387,566510800,$23.802,$24.155,$22.301
2022-02-22,$23.39,633422400,$23.035,$24.064,$23.00
2022-02-18,$23.642,761254900,$24.6675,$24.986,$23.10
2022-02-17,$24.507,810595100,$25.63,$25.785,$24.165
2022-02-16,$26.511,732676300,$26.259,$26.582,$25.552
2022-02-15,$26.495,701752800,$24.949,$26.545,$24.784
2022-02-14,$24.267,440424400,$23.934,$24.875,$23.755
2022-02-11,$23.949,605472000,$25.916,$26.152,$23.773
2022-02-10,$25.824,513199700,$25.995,$26.925,$25.60
2022-02-09,$26.705,524281700,$25.622,$26.725,$25.353
2022-02-08,$25.108,410358600,$24.359,$25.23,$23.98
2022-02-07,$24.728,376867500,$24.372,$25.182,$24.202
2022-02-04,$24.319,354828500,$23.972,$24.635,$23.632
2022-02-03,$23.948,410177800,$24.458,$25.077,$23.78
2022-02-02,$25.242,543419400,$25.794,$25.817,$24.553
2022-02-01,$24.638,518925200,$25.104,$25.145,$23.89
2022-01-31,$24.486,564679700,$23.182,$24.509,$23.052
2022-01-28,$22.84,543774300,$22.0122,$22.858,$21.296
2022-01-27,$21.944,573352700,$23.568,$23.995,$21.675
2022-01-26,$22.772,755958700,$23.24,$24.057,$22.30
2022-01-25,$22.324,664616400,$22.546,$22.943,$22.00
2022-01-24,$23.372,915810600,$22.33,$23.38,$20.888
2022-01-21,$23.374,718957800,$23.507,$24.823,$23.263
2022-01-20,$24.15,435180700,$25.304,$25.579,$24.078
2022-01-19,$25.067,488314500,$26.079,$26.5432,$25.052
2022-01-18,$25.903,425306200,$26.26,$26.638,$25.77
2022-01-14,$26.942,395832400,$26.30,$27.1969,$26.21
2022-01-13,$26.575,538868100,$28.379,$28.48,$26.498
2022-01-12,$27.999,383413500,$28.0665,$28.595,$27.608
2022-01-11,$27.817,404089300,$27.3225,$28.065,$26.839
2022-01-10,$27.40,594681000,$26.581,$27.469,$25.6438
2022-01-07,$27.247,409938500,$28.141,$28.422,$27.057
2022-01-06,$28.178,454186400,$27.64,$28.438,$27.065
2022-01-05,$27.604,498063900,$28.949,$29.416,$27.533
2022-01-04,$29.29,527154400,$30.277,$30.468,$28.349
2022-01-03,$30.121,392402900,$29.815,$30.711,$29.785
2021-12-31,$29.411,266529900,$29.674,$30.03,$29.3306
2021-12-30,$29.586,308864200,$29.827,$30.457,$29.54
2021-12-29,$30.001,343139300,$30.2725,$30.548,$29.366
2021-12-28,$30.322,420591200,$31.312,$31.33,$30.0118
2021-12-27,$30.945,403685900,$29.66,$31.0865,$29.64
2021-12-23,$29.64,343021700,$29.755,$30.059,$29.431
2021-12-22,$29.40,395184400,$28.891,$29.555,$28.449
2021-12-21,$29.075,524384900,$28.374,$29.12,$27.401
2021-12-20,$27.719,461846800,$27.305,$28.144,$27.145
2021-12-17,$27.801,716622400,$27.985,$28.922,$27.76
2021-12-16,$28.387,707366000,$31.152,$31.16,$28.093
2021-12-15,$30.459,698296900,$28.40,$30.50,$27.838
2021-12-14,$28.337,667035400,$27.699,$28.678,$27.25
2021-12-13,$28.161,598343700,$30.249,$30.294,$28.116
2021-12-10,$30.198,488825100,$31.15,$31.305,$29.861
2021-12-09,$30.49,488507200,$31.734,$32.205,$30.428
2021-12-08,$31.826,475551500,$31.999,$32.29,$31.421
2021-12-07,$32.427,593053500,$30.957,$32.449,$30.651
2021-12-06,$30.037,658938500,$29.88,$30.241,$28.038
2021-12-03,$30.693,544325100,$32.00,$32.129,$30.13
2021-12-02,$32.126,472890300,$31.214,$32.478,$31.025
2021-12-01,$31.435,485802000,$33.2195,$33.2893,$31.38
2021-11-30,$32.676,622066500,$33.169,$33.353,$31.864
2021-11-29,$33.376,454964000,$32.366,$33.412,$32.036
2021-11-26,$31.503,283068900,$32.60,$32.71,$31.35
2021-11-24,$32.674,435162300,$31.461,$32.855,$30.928
2021-11-23,$31.746,532162700,$31.535,$32.36,$30.88
2021-11-22,$31.956,754335200,$33.517,$34.647,$31.90
2021-11-19,$32.985,533866700,$32.243,$33.088,$31.905
2021-11-18,$31.675,781710800,$32.367,$32.76,$31.321
2021-11-17,$29.261,428508000,$30.418,$30.509,$28.80
2021-11-16,$30.203,264483700,$29.759,$30.39,$29.7059
2021-11-15,$30.025,384909000,$30.552,$30.644,$29.247
2021-11-12,$30.39,413054300,$30.01,$30.68,$29.63
2021-11-11,$30.39,332172100,$30.468,$30.59,$29.777
2021-11-10,$29.459,636205700,$29.356,$30.85,$28.778
2021-11-09,$30.657,646746200,$32.282,$32.31,$29.964
2021-11-08,$30.804,503100900,$30.149,$31.10,$29.907
2021-11-05,$29.752,851260200,$30.187,$31.40,$29.41
2021-11-04,$29.801,1153631000,$27.229,$31.365,$27.118
2021-11-03,$26.598,239910300,$26.67,$26.784,$26.235
2021-11-02,$26.401,294112400,$25.822,$26.678,$25.80
2021-11-01,$25.827,265739800,$25.649,$25.894,$25.227
2021-10-29,$25.567,292502800,$25.0005,$25.709,$25.00
2021-10-28,$24.941,234204300,$24.878,$24.95,$24.523
2021-10-27,$24.451,245989900,$24.474,$25.09,$24.282
2021-10-26,$24.717,485898300,$23.989,$25.259,$23.924
2021-10-25,$23.166,230234800,$22.973,$23.355,$22.77
2021-10-22,$22.726,249383800,$22.823,$23.13,$22.561
2021-10-21,$22.692,187590300,$22.097,$22.711,$22.083
2021-10-20,$22.103,146275900,$22.3045,$22.433,$21.982
2021-10-19,$22.29,161473300,$22.276,$22.379,$22.037
2021-10-18,$22.222,189493600,$21.749,$22.291,$21.644
2021-10-15,$21.862,226994000,$21.81,$21.931,$21.662
2021-10-14,$21.746,243588800,$21.288,$21.755,$21.122
2021-10-13,$20.939,180651900,$20.918,$20.99,$20.713
2021-10-12,$20.671,162133500,$20.8275,$21.057,$20.528
2021-10-11,$20.695,163387500,$20.575,$21.063,$20.511
2021-10-08,$20.831,151257900,$21.101,$21.206,$20.775
2021-10-07,$21.075,256918900,$21.092,$21.322,$20.972
2021-10-06,$20.70,297201800,$20.12,$20.72,$20.08
2021-10-05,$20.451,279281700,$19.95,$20.648,$19.854
2021-10-04,$19.732,345635000,$20.504,$20.5418,$19.555
2021-10-01,$20.742,240978000,$20.75,$20.859,$20.203
2021-09-30,$20.716,221009100,$20.7684,$21.066,$20.688
2021-09-29,$20.517,218393600,$20.9395,$21.017,$20.467
2021-09-28,$20.699,343069000,$21.2135,$21.419,$20.651
2021-09-27,$21.66,245215100,$21.7104,$21.799,$21.325
2021-09-24,$22.081,217655500,$22.07,$22.149,$21.861
2021-09-23,$22.482,248554900,$22.14,$22.5345,$21.89
2021-09-22,$21.941,268725600,$21.3655,$21.96,$21.196
2021-09-21,$21.246,204688100,$21.4165,$21.425,$20.95
2021-09-20,$21.113,349440500,$21.146,$21.433,$20.662
2021-09-17,$21.90,294502800,$22.30,$22.321,$21.83
2021-09-16,$22.242,156033400,$22.1835,$22.277,$21.927
2021-09-15,$22.341,166538000,$22.309,$22.367,$21.966
2021-09-14,$22.242,199754600,$22.275,$22.41,$22.086
2021-09-13,$22.152,297499900,$22.684,$22.964,$21.858
2021-09-10,$22.478,248375700,$22.3483,$22.626,$22.27
2021-09-09,$22.177,196856000,$22.312,$22.538,$22.131
2021-09-08,$22.339,254434200,$22.513,$22.61,$21.977
2021-09-07,$22.662,198107200,$22.833,$22.899,$22.5224
2021-09-03,$22.843,280832000,$22.325,$22.986,$22.20
2021-09-02,$22.396,188109600,$22.518,$22.593,$22.2945
2021-09-01,$22.441,201767000,$22.485,$22.697,$22.3565
2021-08-31,$22.385,259849700,$22.695,$22.695,$22.12
2021-08-30,$22.688,262579900,$22.83,$23.043,$22.551
2021-08-27,$22.636,304722200,$22.184,$22.722,$22.167
2021-08-26,$22.068,237940400,$22.20,$22.34,$21.79
2021-08-25,$22.213,347701000,$21.737,$22.47,$21.722
2021-08-24,$21.793,297298900,$21.753,$21.959,$21.535
2021-08-23,$21.958,575806600,$20.971,$21.997,$20.95
2021-08-20,$20.816,675741300,$19.991,$20.8651,$19.933
2021-08-19,$19.798,766554800,$19.494,$20.495,$18.762
2021-08-18,$19.04,285913500,$19.50,$19.6337,$19.00
2021-08-17,$19.458,204584900,$19.685,$19.77,$19.267
2021-08-16,$19.95,211152800,$20.135,$20.287,$19.453
2021-08-13,$20.188,183062900,$19.905,$20.2138,$19.851
2021-08-12,$19.905,151861600,$19.87,$20.029,$19.62
2021-08-11,$19.699,185924800,$20.043,$20.049,$19.43
2021-08-10,$19.936,179237800,$20.322,$20.43,$19.8345
2021-08-09,$20.295,146443100,$20.446,$20.508,$20.143
2021-08-06,$20.366,178496600,$20.524,$20.57,$20.21
2021-08-05,$20.637,211435400,$20.50,$20.733,$20.342
2021-08-04,$20.274,231309400,$19.99,$20.318,$19.828
2021-08-03,$19.815,301810700,$19.74,$20.222,$19.22
2021-08-02,$19.75,217444000,$19.70,$19.961,$19.361
2021-07-30,$19.499,183497500,$19.418,$19.63,$19.263
2021-07-29,$19.662,190780900,$19.519,$19.853,$19.328
2021-07-28,$19.503,202191200,$19.3192,$19.646,$18.995
2021-07-27,$19.208,248862600,$19.265,$19.622,$18.741
2021-07-26,$19.294,203943200,$19.311,$19.442,$18.914
2021-07-23,$19.558,195672000,$19.6564,$19.70,$19.25
2021-07-22,$19.594,323826000,$19.642,$19.887,$19.276
2021-07-21,$19.41,371017400,$18.882,$19.527,$18.742
2021-07-20,$18.612,434686500,$18.73,$18.838,$18.164
2021-07-19,$18.7798,749058800,$17.9153,$19.042,$17.8655
2021-07-16,$18.161,688222800,$19.0305,$19.1571,$18.073
2021-07-15,$18.9662,550564400,$19.8118,$19.847,$18.8585
2021-07-14,$19.8415,380099200,$20.3577,$20.4178,$19.7528
2021-07-13,$20.25,290706320,$20.4005,$20.4613,$20.114
2021-07-12,$20.5125,321984760,$20.24,$20.5328,$20.1878
2021-07-09,$20.0503,296622680,$19.9625,$20.0801,$19.7542
2021-07-08,$19.9028,503299600,$19.8565,$20.133,$19.7007
2021-07-07,$20.3718,418427200,$20.8535,$20.875,$20.3321
2021-07-06,$20.6985,446707600,$20.7375,$20.842,$20.3503
2021-07-02,$20.487,343396680,$20.4401,$20.5053,$20.2878
2021-07-01,$20.212,480134800,$20.125,$20.456,$20.019
2021-06-30,$20.0025,326566160,$19.9991,$20.1625,$19.8638
2021-06-29,$20.0268,367633840,$19.8825,$20.0988,$19.6569
2021-06-28,$19.985,495436400,$19.3613,$20.0787,$19.319
2021-06-25,$19.031,278365920,$19.2805,$19.3455,$18.8944
2021-06-24,$19.2055,320922400,$19.2278,$19.42,$19.0882
2021-06-23,$19.0573,332357040,$19.0077,$19.1528,$18.9078
2021-06-22,$18.8868,580145600,$18.4715,$18.9638,$18.3859
2021-06-21,$18.4273,672382000,$18.4353,$18.5365,$17.8226
2021-06-18,$18.6387,968854400,$18.784,$19.375,$18.584
2021-06-17,$18.6573,809654800,$17.7746,$18.835,$17.7563
2021-06-16,$17.8103,307122600,$17.7907,$17.9547,$17.5844
2021-06-15,$17.7885,243030440,$17.915,$18.0162,$17.728
2021-06-14,$18.0188,321374280,$17.906,$18.0395,$17.6628
2021-06-11,$17.8253,416307600,$17.4795,$17.9392,$17.4438
2021-06-10,$17.425,287770440,$17.35,$17.492,$17.176
2021-06-09,$17.3583,381657480,$17.5158,$17.575,$17.2558
2021-06-08,$17.457,323846760,$17.5273,$17.6216,$17.251
2021-06-07,$17.619,575754800,$17.5711,$17.8125,$17.1928
2021-06-04,$17.5783,617120400,$17.1125,$17.661,$17.0955
2021-06-03,$16.9698,580006800,$16.7007,$17.259,$16.583
2021-06-02,$16.7783,594167600,$16.2523,$16.9189,$16.2355
2021-06-01,$16.2645,472803200,$16.27,$16.3881,$15.9033
2021-05-28,$16.2445,644535600,$15.501,$16.2775,$15.501
2021-05-27,$15.488,581475200,$15.6998,$15.75,$15.46
2021-05-26,$15.70,370438640,$15.7343,$15.7938,$15.5863
2021-05-25,$15.6478,435406800,$15.766,$15.8185,$15.4825
2021-05-24,$15.612,554816400,$15.2125,$15.745,$15.176
2021-05-21,$14.9918,672992000,$15.1638,$15.222,$14.8694
2021-05-20,$14.6125,321591920,$14.3025,$14.6838,$14.2705
2021-05-19,$14.0658,343999360,$13.5665,$14.0795,$13.5433
2021-05-18,$14.0158,186254240,$14.267,$14.4042,$14.004
2021-05-17,$14.1655,216488840,$14.157,$14.1693,$13.8535
2021-05-14,$14.243,258615000,$13.89,$14.3281,$13.7485
2021-05-13,$13.6653,285727480,$14.0338,$14.0808,$13.459
2021-05-12,$13.7585,303409320,$14.0095,$14.2602,$13.7093
2021-05-11,$14.3063,285585360,$13.825,$14.3548,$13.75
2021-05-10,$14.2658,268903800,$14.7873,$14.806,$14.25
2021-05-07,$14.8123,229327320,$14.8083,$14.9708,$14.6717
2021-05-06,$14.523,193380920,$14.4952,$14.5713,$14.2181
2021-05-05,$14.4585,292023040,$14.709,$14.8135,$14.3875
2021-05-04,$14.3513,405324800,$14.6373,$14.6375,$14.0103
2021-05-03,$14.8368,203911840,$15.125,$15.2468,$14.7875
2021-04-30,$15.0095,201910080,$15.1745,$15.365,$14.997
2021-04-29,$15.3248,173196480,$15.40,$15.4365,$15.0715
2021-04-28,$15.2768,209416200,$15.3645,$15.5322,$15.2155
2021-04-27,$15.3818,164573000,$15.5785,$15.6705,$15.3545
2021-04-26,$15.478,197797080,$15.1851,$15.479,$15.125
2021-04-23,$15.2653,227772200,$14.9344,$15.3349,$14.9003
2021-04-22,$14.8503,277786280,$15.375,$15.4386,$14.7835
2021-04-21,$15.3605,216777040,$15.1188,$15.3625,$15.1023
2021-04-20,$15.1713,334133040,$15.3233,$15.497,$14.963
2021-04-19,$15.3618,404418000,$15.5365,$15.8075,$15.233
2021-04-16,$15.9125,335207560,$16.0531,$16.1657,$15.8653
2021-04-15,$16.1373,598480800,$15.6625,$16.2142,$15.6315
2021-04-14,$15.277,385501920,$15.625,$15.7205,$15.2275
2021-04-13,$15.6795,676212000,$15.2315,$15.70,$15.1258
2021-04-12,$15.209,869322000,$14.2898,$15.3525,$14.1393
2021-04-09,$14.40,195170880,$14.214,$14.408,$14.175
2021-04-08,$14.317,244414920,$14.2528,$14.4715,$14.2489
2021-04-07,$14.1435,251284360,$13.8808,$14.2435,$13.7115
2021-04-06,$13.8615,191745960,$13.9997,$14.0541,$13.7736
2021-04-05,$13.9875,255671400,$13.8675,$14.014,$13.733
2021-04-01,$13.8118,308274600,$13.5723,$13.87,$13.5113
2021-03-31,$13.3483,314777520,$13.0155,$13.4705,$12.9825
2021-03-30,$12.8718,200202480,$12.842,$12.9753,$12.705
2021-03-29,$12.9483,273519880,$12.8203,$13.0625,$12.70
2021-03-26,$12.8393,363968960,$12.5545,$12.8563,$12.3735
2021-03-25,$12.5353,295144560,$12.4995,$12.7148,$12.272
2021-03-24,$12.643,245838520,$13.1512,$13.1591,$12.6368
2021-03-23,$13.0708,222046080,$13.2542,$13.3445,$13.0213
2021-03-22,$13.1863,297803080,$12.9128,$13.3945,$12.9068
2021-03-19,$12.8458,299206960,$12.75,$12.9215,$12.6125
2021-03-18,$12.7225,294188080,$13.1365,$13.184,$12.717
2021-03-17,$13.3413,243864200,$13.0398,$13.4533,$12.9895
2021-03-16,$13.2913,272129600,$13.3565,$13.5125,$13.1168
2021-03-15,$13.1913,222520440,$12.8648,$13.2068,$12.7671
2021-03-12,$12.856,243963960,$12.6483,$12.8888,$12.59
2021-03-11,$12.9935,299914280,$12.95,$13.0463,$12.7345
2021-03-10,$12.4683,384376560,$12.8405,$12.98,$12.4575
2021-03-09,$12.5203,521825600,$12.1303,$12.6168,$12.0593
2021-03-08,$11.5933,543111600,$12.45,$12.4713,$11.5665
2021-03-05,$12.4615,542838800,$12.55,$12.55,$11.6793
2021-03-04,$12.3703,573345200,$12.8008,$12.975,$12.0838
2021-03-03,$12.8048,377590280,$13.4263,$13.4515,$12.7988
2021-03-02,$13.4063,264114120,$13.90,$13.9205,$13.396
2021-03-01,$13.8417,353183000,$13.875,$13.925,$13.5532
2021-02-26,$13.7145,500930400,$13.7525,$13.8545,$13.361
2021-02-25,$13.3075,824436000,$14.0454,$14.3748,$13.2163
2021-02-24,$14.499,448319200,$14.1228,$14.5068,$13.756
2021-02-23,$14.142,391779320,$14.0753,$14.2388,$13.3895
2021-02-22,$14.3558,325885560,$14.7748,$15.1333,$14.325
2021-02-19,$14.9265,271724120,$15.0245,$15.177,$14.8467
2021-02-18,$14.829,234080800,$14.729,$14.8732,$14.575
2021-02-17,$14.906,275698680,$15.171,$15.2235,$14.78
2021-02-16,$15.3303,321959520,$15.0643,$15.3725,$14.95
2021-02-12,$14.9613,374757480,$15.05,$15.2911,$14.775
2021-02-11,$15.2508,450827600,$14.9803,$15.2723,$14.925
2021-02-10,$14.7643,485352400,$14.4633,$14.905,$14.3414
2021-02-09,$14.2632,287560120,$14.3406,$14.5833,$14.2225
2021-02-08,$14.4387,434622800,$13.7272,$14.4738,$13.7272
2021-02-05,$13.591,169153640,$13.725,$13.7373,$13.5458
2021-02-04,$13.6643,201338480,$13.531,$13.6735,$13.3379
2021-02-03,$13.5305,245409280,$13.636,$13.9318,$13.5165
2021-02-02,$13.5568,220438280,$13.3988,$13.572,$13.2855
2021-02-01,$13.237,217204320,$13.0534,$13.2708,$12.9028
2021-01-29,$12.9898,271552040,$13.075,$13.3348,$12.9115
2021-01-28,$13.051,228315960,$12.9963,$13.3398,$12.9605
2021-01-27,$12.9178,371272840,$13.23,$13.2327,$12.7938
2021-01-26,$13.4353,163980400,$13.5804,$13.6448,$13.3875
2021-01-25,$13.6533,251111160,$13.7818,$13.8285,$13.2365
2021-01-22,$13.7125,246818560,$13.7401,$13.8417,$13.6273
2021-01-21,$13.8675,338339600,$13.4186,$13.9994,$13.253
2021-01-20,$13.3658,258570880,$13.1118,$13.4305,$13.0568
2021-01-19,$13.0253,226186880,$13.0162,$13.094,$12.844
2021-01-15,$12.8595,277781280,$13.228,$13.3253,$12.8485
2021-01-14,$13.2003,283120280,$13.575,$13.5998,$13.1805
2021-01-13,$13.5318,210028440,$13.49,$13.625,$13.385
2021-01-12,$13.4848,291477720,$13.7525,$13.7545,$13.345
2021-01-11,$13.6215,519028800,$13.4188,$13.961,$13.3625
2021-01-08,$13.2768,292528600,$13.3625,$13.421,$13.042
2021-01-07,$13.344,461481600,$12.9675,$13.3778,$12.8865
2021-01-06,$12.6145,580423200,$13.2225,$13.245,$12.586
2021-01-05,$13.4048,322759920,$13.0998,$13.4435,$13.087
2021-01-04,$13.1135,560642000,$13.1043,$13.6525,$12.9625
2020-12-31,$13.055,192424400,$13.1365,$13.1511,$12.915
2020-12-30,$13.1458,225397160,$12.9903,$13.2137,$12.8968
2020-12-29,$12.9433,170372160,$12.925,$13.0725,$12.8423
2020-12-28,$12.90,212565640,$13.0625,$13.0625,$12.7632
2020-12-24,$12.9938,97883520,$13.0373,$13.1325,$12.9387
2020-12-23,$13.0093,179142760,$13.256,$13.275,$13.005
2020-12-22,$13.2783,186314880,$13.3193,$13.3372,$13.0539
2020-12-21,$13.3323,302332160,$13.0748,$13.37,$12.9675
2020-12-18,$13.272,342064640,$13.379,$13.405,$13.0705
2020-12-17,$13.3413,231383880,$13.3668,$13.3795,$13.1785
2020-12-16,$13.2425,223114680,$13.4225,$13.4373,$13.2125
2020-12-15,$13.3605,193485920,$13.4398,$13.464,$13.1868
2020-12-14,$13.3088,270157880,$13.0879,$13.3888,$13.0775
2020-12-11,$13.0132,209265640,$12.9673,$13.02,$12.823
2020-12-10,$12.9723,207764720,$12.869,$13.0687,$12.8494
2020-12-09,$12.9308,401301200,$13.3005,$13.414,$12.8682
2020-12-08,$13.35,271920880,$13.585,$13.5988,$13.2815
2020-12-07,$13.6068,223243240,$13.6013,$13.7313,$13.50
2020-12-04,$13.5583,202243400,$13.4485,$13.56,$13.3887
2020-12-03,$13.396,199520640,$13.5875,$13.66,$13.329
2020-12-02,$13.5445,283361200,$13.3505,$13.6734,$13.2343
2020-12-01,$13.39,297571280,$13.4923,$13.5288,$13.2283
2020-11-30,$13.4015,286952000,$13.265,$13.4125,$12.9724
2020-11-27,$13.2613,167275200,$13.375,$13.4075,$13.1705
2020-11-25,$13.2348,259916400,$13.0325,$13.2694,$13.02
2020-11-24,$12.9577,346499960,$13.1425,$13.162,$12.885
2020-11-23,$13.14,361354200,$13.1711,$13.3825,$13.0155
2020-11-20,$13.0878,341089800,$13.454,$13.4945,$13.065
2020-11-19,$13.4403,565934400,$13.2128,$13.4875,$13.10
2020-11-18,$13.4288,510925200,$13.4653,$13.6058,$13.185
2020-11-17,$13.4223,312027960,$13.5525,$13.5963,$13.3039
2020-11-16,$13.5153,413774800,$13.1725,$13.6495,$13.156
2020-11-13,$13.297,346762320,$13.6273,$13.6687,$13.0593
2020-11-12,$13.4568,366635000,$13.4789,$13.766,$13.316
2020-11-11,$13.418,404743600,$13.0538,$13.4349,$12.9483
2020-11-10,$12.77,644067200,$13.6065,$13.6065,$12.6283
2020-11-09,$13.6308,582978000,$14.5525,$14.6915,$13.6107
2020-11-06,$14.562,383349280,$14.1098,$14.5887,$13.895
2020-11-05,$14.16,319028320,$14.1625,$14.339,$13.991
2020-11-04,$13.7943,410229200,$13.3893,$13.8275,$13.3369
2020-11-03,$13.0195,272901080,$12.7085,$13.105,$12.6028
2020-11-02,$12.5808,299652640,$12.6578,$12.8367,$12.395
2020-10-30,$12.534,417396000,$12.85,$12.9364,$12.30
2020-10-29,$13.024,320081840,$12.8385,$13.1928,$12.75
2020-10-28,$12.627,376518080,$13.198,$13.26,$12.609
2020-10-27,$13.3968,250519680,$13.306,$13.442,$13.1915
2020-10-26,$13.1412,336894320,$13.427,$13.6928,$13.0385
2020-10-23,$13.5903,233484280,$13.45,$13.5933,$13.2913
2020-10-22,$13.361,290479440,$13.5225,$13.6118,$13.2318
2020-10-21,$13.5248,219597320,$13.625,$13.7915,$13.4775
2020-10-20,$13.6455,229212040,$13.5835,$13.7998,$13.507
2020-10-19,$13.4978,298068560,$13.9029,$13.9835,$13.4068
2020-10-16,$13.8115,242639600,$14.0368,$14.1215,$13.7925
2020-10-15,$13.97,267225120,$13.8107,$14.0058,$13.7678
2020-10-14,$14.0953,276647120,$14.2905,$14.3428,$13.96
2020-10-13,$14.2482,344603120,$14.2965,$14.3485,$14.0186
2020-10-12,$14.226,434744000,$13.9895,$14.347,$13.9125
2020-10-09,$13.7628,346890920,$13.767,$13.8243,$13.6608
2020-10-08,$13.8387,378900880,$14.075,$14.0845,$13.758
2020-10-07,$13.964,418085200,$13.9998,$14.1193,$13.8635
2020-10-06,$13.7365,784420000,$13.83,$14.142,$13.665
2020-10-05,$13.6425,479818400,$13.236,$13.6443,$13.2228
2020-10-02,$13.0623,552496000,$13.225,$13.5195,$13.051
2020-10-01,$13.6145,525002400,$13.758,$13.7627,$13.4608
2020-09-30,$13.5305,689184000,$13.1575,$13.6225,$13.1503
2020-09-29,$13.2258,623004800,$12.9375,$13.4428,$12.9333
2020-09-28,$13.035,573809200,$13.0403,$13.0518,$12.75
2020-09-25,$12.8738,588016400,$12.4475,$12.8835,$12.2458
2020-09-24,$12.348,731240400,$12.0723,$12.5695,$12.014
2020-09-23,$12.1238,647012400,$12.5755,$12.727,$12.0793
2020-09-22,$12.6378,646452000,$12.575,$12.648,$12.1556
2020-09-21,$12.5173,721042400,$11.925,$12.5225,$11.9045
2020-09-18,$12.1893,698462000,$12.5938,$12.6325,$11.9888
2020-09-17,$12.4635,792511600,$12.1322,$12.5898,$12.0348
2020-09-16,$12.5145,557599600,$12.9573,$13.0928,$12.5138
2020-09-15,$12.991,727556400,$13.28,$13.2988,$12.8278
2020-09-14,$12.8723,1201744800,$13.081,$13.315,$12.6311
2020-09-11,$12.1645,636926800,$12.4855,$12.6525,$11.8958
2020-09-10,$12.3118,698684400,$12.9893,$13.0653,$12.167
2020-09-09,$12.715,736198400,$12.40,$12.8093,$12.2318
2020-09-08,$11.913,795729600,$11.7345,$12.55,$11.7043
2020-09-04,$12.6225,1463682800,$12.7838,$13.175,$11.7048
2020-09-03,$13.0155,945126000,$13.8286,$13.8845,$12.8788
2020-09-02,$14.3465,874012800,$14.7037,$14.7267,$13.90
2020-09-01,$13.821,512474000,$13.48,$13.9938,$13.4365
2020-08-31,$13.3745,500841200,$13.1828,$13.575,$13.0378
2020-08-28,$13.1478,537158400,$12.6749,$13.148,$12.6425
2020-08-27,$12.6283,317602920,$12.7815,$12.85,$12.5664
2020-08-26,$12.773,321242920,$12.7992,$12.8685,$12.6778
2020-08-25,$12.75,289076800,$12.6308,$12.7613,$12.5738
2020-08-24,$12.7203,490564400,$12.8838,$12.9125,$12.5075
2020-08-21,$12.6835,999869600,$12.2018,$12.8087,$12.1952
2020-08-20,$12.141,921386400,$11.975,$12.375,$11.8788
2020-08-19,$12.1385,622622400,$12.2965,$12.315,$12.098
2020-08-18,$12.2608,503446400,$12.45,$12.496,$12.0863
2020-08-17,$12.337,621300800,$11.8513,$12.4098,$11.8172
2020-08-14,$11.564,366436160,$11.53,$11.7048,$11.4405
2020-08-13,$11.443,374459560,$11.546,$11.7218,$11.3558
2020-08-12,$11.4403,464942800,$10.9908,$11.467,$10.9583
2020-08-11,$10.85,354510520,$11.0738,$11.1368,$10.7958
2020-08-10,$11.165,427796000,$11.3343,$11.4083,$10.8565
2020-08-07,$11.1995,342515960,$11.3125,$11.5048,$11.0375
2020-08-06,$11.3355,244315680,$11.3498,$11.358,$11.1788
2020-08-05,$11.2868,250499720,$11.244,$11.3717,$11.1663
2020-08-04,$11.2278,310335600,$11.05,$11.2278,$10.906
2020-08-03,$11.0103,413018400,$10.7325,$11.0988,$10.7153
2020-07-31,$10.6148,386286000,$10.5633,$10.7665,$10.433
2020-07-30,$10.614,308880160,$10.375,$10.623,$10.2953
2020-07-29,$10.4655,284507680,$10.3908,$10.5162,$10.347
2020-07-28,$10.2155,271636040,$10.3743,$10.382,$10.2093
2020-07-27,$10.4215,292130200,$10.2323,$10.4418,$10.2178
2020-07-24,$10.1945,473292000,$9.875,$10.3648,$9.777
2020-07-23,$10.1298,411661200,$10.45,$10.547,$10.0313
2020-07-22,$10.4388,367290840,$10.3675,$10.6025,$10.2916
2020-07-21,$10.3285,277666840,$10.513,$10.5599,$10.2868
2020-07-20,$10.5108,284850840,$10.2743,$10.5313,$10.1568
2020-07-17,$10.2015,266284640,$10.2255,$10.2485,$10.0878
2020-07-16,$10.1348,344964720,$10.015,$10.2067,$9.8955
2020-07-15,$10.2273,403984800,$10.4143,$10.433,$10.0558
2020-07-14,$10.377,542674400,$10.075,$10.4028,$9.7855
2020-07-13,$10.0523,457074800,$10.595,$10.7922,$10.025
2020-07-10,$10.4793,497674800,$10.5888,$10.6553,$10.3788
2020-07-09,$10.509,494547200,$10.3803,$10.57,$10.2335
2020-07-08,$10.216,365480520,$9.9938,$10.225,$9.9655
2020-07-07,$9.8718,357799720,$9.9463,$10.07,$9.8507
2020-07-06,$9.8392,315893720,$9.7418,$9.9088,$9.7125
2020-07-02,$9.6123,364054080,$9.639,$9.7375,$9.5783
2020-07-01,$9.53,326646800,$9.5207,$9.5757,$9.413
2020-06-30,$9.4978,367892000,$9.314,$9.5263,$9.2665
2020-06-29,$9.20,342248120,$9.1698,$9.2045,$8.90
2020-06-26,$9.155,592085600,$9.50,$9.50,$9.125
2020-06-25,$9.49,376072000,$9.3558,$9.505,$9.1823
2020-06-24,$9.2355,449370800,$9.4763,$9.5564,$9.1445
2020-06-23,$9.45,375107400,$9.551,$9.6425,$9.4075
2020-06-22,$9.5267,398466480,$9.30,$9.5313,$9.2733
2020-06-19,$9.2613,524160400,$9.2425,$9.445,$9.2273
2020-06-18,$9.218,254409520,$9.227,$9.2825,$9.1145
2020-06-17,$9.236,408305600,$9.1138,$9.299,$9.0702
2020-06-16,$9.0685,535715200,$9.225,$9.2668,$8.8388
2020-06-15,$9.1738,400002000,$8.8153,$9.1823,$8.7438
2020-06-12,$8.9325,570908000,$9.1625,$9.1873,$8.7033
2020-06-11,$8.7963,583650400,$9.15,$9.2613,$8.786
2020-06-10,$9.3668,632181600,$9.1677,$9.50,$9.1535
2020-06-09,$9.046,468488800,$8.80,$9.1097,$8.7513
2020-06-08,$8.805,387737240,$8.8773,$8.8896,$8.6858
2020-06-05,$8.92,481746000,$8.7945,$8.997,$8.708
2020-06-04,$8.7665,424278400,$8.728,$8.9433,$8.6775
2020-06-03,$8.7695,365438880,$8.8223,$8.8662,$8.70
2020-06-02,$8.8253,391320560,$8.7963,$8.8373,$8.658
2020-06-01,$8.8063,390511000,$8.8332,$8.8407,$8.6895
2020-05-29,$8.8755,745919600,$8.5545,$8.8755,$8.485
2020-05-28,$8.487,736128000,$8.4123,$8.7605,$8.3793
2020-05-27,$8.5252,1175892400,$8.625,$8.6327,$7.9968
2020-05-26,$8.7178,770779200,$9.1568,$9.1817,$8.672
2020-05-22,$9.0263,1038765200,$8.8253,$9.093,$8.7133
2020-05-21,$8.7752,761069600,$9.0515,$9.0524,$8.7375
2020-05-20,$8.97,587536400,$8.991,$9.043,$8.8887
2020-05-19,$8.8055,717322000,$8.7903,$9.0875,$8.7628
2020-05-18,$8.7502,776403600,$8.7605,$8.9165,$8.6805
2020-05-15,$8.4908,987661600,$7.8897,$8.5005,$7.874
2020-05-14,$8.0305,602312400,$7.8416,$8.036,$7.6875
2020-05-13,$7.78,625850000,$7.9175,$8.0785,$7.5948
2020-05-12,$7.8025,493059200,$8.1235,$8.1725,$7.7927
2020-05-11,$8.0655,469060000,$7.8075,$8.1125,$7.7787
2020-05-08,$7.8125,339907120,$7.6938,$7.8188,$7.6597
2020-05-07,$7.6218,373730520,$7.5845,$7.6853,$7.5331
2020-05-06,$7.4448,323465560,$7.4233,$7.55,$7.3853
2020-05-05,$7.3435,368895640,$7.3868,$7.5068,$7.2823
2020-05-04,$7.2821,317555200,$7.022,$7.296,$7.022
2020-05-01,$7.0695,342097800,$7.1088,$7.2225,$7.0211
2020-04-30,$7.307,375917720,$7.4073,$7.4615,$7.293
2020-04-29,$7.4615,379161880,$7.4192,$7.5145,$7.3438
2020-04-28,$7.284,442904000,$7.575,$7.605,$7.2785
2020-04-27,$7.427,479388000,$7.3748,$7.5875,$7.35
